Creator,Platform,Post Type,Date,Caption,Post URL,Views,Likes,Comments,Shares,Impressions
,TikTok,,,,https://www.tiktok.com/@forrestsautoreviews/video/7216353970749525290,,,,,
,TikTok,,,,https://www.tiktok.com/@forrestsautoreviews/video/7215644081496657195,,,,,
,TikTok,,,,https://www.tiktok.com/@mobile_mama/video/7226359823439318314,,,,,
,TikTok,,,,https://www.tiktok.com/@forrestsautoreviews/video/7310632641458375979,,,,,
,TikTok,,,,https://www.tiktok.com/@forrestsautoreviews/video/7155102614005271850,,,,,
,TikTok,,,,https://www.tiktok.com/@forrestsautoreviews/video/7344415143830326559,,,,,
,TikTok,,,,https://www.tiktok.com/@forrestsautoreviews/video/7210813800172342574,,,,,
,TikTok,,,,https://www.tiktok.com/@forrestsautoreviews/video/7233121254054595886,,,,,
,TikTok,,,,https://www.tiktok.com/@forrestsautoreviews/video/7420835220024216862,,,,,
,TikTok,,,,https://www.tiktok.com/@forrestsautoreviews/video/7249385336634084651,,,,,
,TikTok,,,,https://www.tiktok.com/@forrestsautoreviews/video/7253188730180111658,,,,,
,Instagram,,,,https://www.instagram.com/reel/,,,,,
,TikTok,,,,https://www.tiktok.com/@forrestsautoreviews/video/7213746209356418350,,,,,
,TikTok,,,,https://www.tiktok.com/@forrestsautoreviews/video/7276125675633806622,,,,,
,TikTok,,,,https://www.tiktok.com/@forrestsautoreviews/video/7249763422244490539,,,,,
